Name,Surname
Elias,Lange
Amelie,Braun
Mia,Weber
Sarah,Werner
Lea,Hoffmann
Tim,Schmidt
Emma,Werner
Sophie,Fischer
Moritz,Braun
Lea,Müller
Maja,Koch
Maja,Hofmann
Erik,Wolf
Clara,Klein
Tim,Bauer
Luca,Klein
Laura,Schmitt
Anna,Neumann
Mia,Krüger
Amelie,Schumacher
Anna,Braun
Luis,Hartmann
Julia,Schmidt
Noah,Schumacher
Marie,Werner
Luis,Richter
Erik,Koch
Elias,Lehmann
Sarah,Schäfer
Jonas,Meier
Laura,Schwarz
Luca,Lehmann
Lena,Schumacher
Emma,Schumacher
Julia,Wolf
Luca,Meier
Clara,Hoffmann
Erik,Schmitt
Max,Schulz
Anna,Schneider
Tim,Hofmann
Mia,Meyer
Laura,Fischer
Emily,Schmitt
Moritz,Schmidt
Amelie,Hofmann
Noah,Krause
Philipp,Müller
Emma,Krüger
Tim,Müller
Mia,Krüger
Emma,Richter
Julia,Schwarz
Julia,Wolf
Ida,Müller
Ben,Werner
Elias,Wagner
Max,Braun
Tim,Wolf
Anna,Hoffmann
Leon,Hofmann
Ben,Zimmermann
Noah,Lange
Julia,Müller
Marie,Schneider
Tim,Schumacher
Philipp,Schulz
Marie,Hoffmann
Sophie,Hofmann
Luis,Müller
Leon,Neumann
Erik,Lange
Julia,Hofmann
Maja,Meier
Sophie,Fischer
Emma,Meier
Sophie,Hofmann
Leon,Meyer
Emma,Meier
Lena,Bauer
Paul,Fischer
Elias,Schmidt
Julia,Koch
Philipp,Schmidt
Moritz,Müller
Luis,Zimmermann
Felix,Lange
Emma,Bauer
Noah,Fischer
Emily,Klein
Sophie,Becker
Finn,Weber
Laura,Meier
Philipp,Neumann
Ben,Meyer
Julia,Schäfer
Marie,Bauer
Elias,Krause
Luis,Lehmann
Noah,Schmidt
